Name,Full name,Description,Location,Coordinates,URL,Version,DNSSEC validation,No logs,Namecoin,Resolver address,Provider name,Provider public key,Provider public key TXT record
4armed,4ARMED DNSCrypt,DNSCrypt Server provided by www.4armed.com,France (OVH),,https://www.4armed.com,1,yes,yes,no,51.254.115.48:443,2.dnscrypt-cert.dnscrypt.4armed.io,FD3E:5887:63EA:17A9:1AF8:4325:DE82:1507:6ED0:01AB:2F9E:55DE:689B:F491:4D8E:526E,
adamas,Adamas.ai DNSCrypt,DNSCrypt Server in LUX provided by adamas.ai,Luxembourg,,http.//adamas.ai,1,no,yes,no,80.90.43.162:5678,2.dnscrypt-cert.adamas.ai,6484:544A:4B91:F23A:E8AD:2AA3:6661:C419:D09B:C88D:B1AF:C314:E59D:2C36:0F81:FB99,
cisco,Cisco OpenDNS,Remove your DNS blind spot,Anycast,,https://www.opendns.com,1,no,no,no,208.67.220.220:443,2.dnscrypt-cert.opendns.com,B735:1140:206F:225D:3E2B:D822:D7FD:691E:A1C3:3CC8:D666:8D0C:BE04:BFAB:CA43:FB79,
cisco-familyshield,Cisco OpenDNS with FamilyShield,Blocks web sites not suitable for children,Anycast,,https://www.opendns.com/home-internet-security/parental-controls/,1,no,no,no,208.67.220.123:443,2.dnscrypt-cert.opendns.com,B735:1140:206F:225D:3E2B:D822:D7FD:691E:A1C3:3CC8:D666:8D0C:BE04:BFAB:CA43:FB79,
cisco-ipv6,Cisco OpenDNS over IPv6,Cisco OpenDNS IPv6 sandbox,Anycast,,https://www.opendns.com/about/innovations/ipv6/,1,no,no,no,[2620:0:ccc::2]:443,2.dnscrypt-cert.opendns.com,B735:1140:206F:225D:3E2B:D822:D7FD:691E:A1C3:3CC8:D666:8D0C:BE04:BFAB:CA43:FB79,
cisco-port53,Cisco OpenDNS backward compatibility port 53,Remove your DNS blind spot,Anycast,,https://www.opendns.com,1,no,no,no,208.67.220.220:53,2.dnscrypt-cert.opendns.com,B735:1140:206F:225D:3E2B:D822:D7FD:691E:A1C3:3CC8:D666:8D0C:BE04:BFAB:CA43:FB79,
cloudns-can,CloudNS Canberra,CloudNS is an Australian based security focused DNS provider.,"Canberra, AU",,https://cloudns.com.au,1,yes,yes,yes,113.20.6.2:443,2.dnscrypt-cert.cloudns.com.au,1971:7C1A:C550:6C09:F09B:ACB1:1AF7:C349:6425:2676:247F:B738:1C5A:243A:C1CC:89F4,
cloudns-syd,CloudNS Sydney,CloudNS is an Australian based security focused DNS provider.,"Sydney, AU",,https://cloudns.com.au,1,yes,yes,yes,113.20.8.17:443,2.dnscrypt-cert-2.cloudns.com.au,67A4:323E:581F:79B9:BC54:825F:54FE:1025:8B4F:37EB:0D07:0BCE:4010:6195:D94F:E330,
d0wn-bg-ns1,OpenNIC Resolver Bulgaria 01 - d0wn,Server provided by Martin 'd0wn' Albus,Bulgaria,,https://dns.d0wn.biz,1,no,yes,yes,217.12.203.133:54,2.dnscrypt-cert.d0wn.biz,9970:E22D:7F6C:967F:8AED:CEEB:FBC1:94B9:AF54:376E:2BF7:39F1:F466:CBC9:AFDB:2A62,pubkey.dnscrypt.d0wn.biz
d0wn-cr-ns1,OpenNIC Resolver Costa Rica 01 - d0wn,Server provided by Martin 'd0wn' Albus,Costa Rica,,https://dns.d0wn.biz,1,no,yes,yes,190.10.8.128:54,2.dnscrypt-cert.cr.d0wn.biz,6A9F:AB11:B806:2349:A082:6687:6F57:E99E:7818:BB5F:30F8:1C5C:95E1:2057:B1A8:16FB,pubkey.cr.dnscrypt.d0wn.biz
d0wn-de-ns1,OpenNIC Resolver Germany 01 - d0wn,Server provided by Martin 'd0wn' Albus,Germany,,https://dns.d0wn.biz,1,no,yes,yes,108.61.210.58:54,2.dnscrypt-cert.d0wn.biz,9970:E22D:7F6C:967F:8AED:CEEB:FBC1:94B9:AF54:376E:2BF7:39F1:F466:CBC9:AFDB:2A62,pubkey.dnscrypt.d0wn.biz
d0wn-de-ns2,OpenNIC Resolver Germany 02 - d0wn,Server provided by Martin 'd0wn' Albus,Germany,,https://dns.d0wn.biz,1,no,yes,yes,213.202.215.23:54,2.dnscrypt-cert.d0wn.biz,9970:E22D:7F6C:967F:8AED:CEEB:FBC1:94B9:AF54:376E:2BF7:39F1:F466:CBC9:AFDB:2A62,pubkey.dnscrypt.d0wn.biz
d0wn-dk-ns1,OpenNIC Resolver Denmark 01 - d0wn,Server provided by Martin 'd0wn' Albus,Denmark,,https://dns.d0wn.biz,1,no,yes,yes,77.66.108.93:54,2.dnscrypt-cert.dk.d0wn.biz,41CE:5F33:B2C2:C4C3:90D0:B037:F6D9:A431:5AEB:0D30:537D:0E48:6191:2E50:451F:7908,pubkey.dk.dnscrypt.d0wn.biz
d0wn-fr-ns1,OpenNIC Resolver France 01 - d0wn,Server provided by Martin 'd0wn' Albus,France,,https://dns.d0wn.biz,1,no,yes,yes,178.32.122.65:54,2.dnscrypt-cert.d0wn.biz,9970:E22D:7F6C:967F:8AED:CEEB:FBC1:94B9:AF54:376E:2BF7:39F1:F466:CBC9:AFDB:2A62,pubkey.dnscrypt.d0wn.biz
d0wn-fr-ns2,OpenNIC Resolver France 02 - d0wn,Server provided by Martin 'd0wn' Albus,France,,https://dns.d0wn.biz,1,no,yes,yes,37.187.0.40:54,2.dnscrypt-cert.d0wn.biz,9970:E22D:7F6C:967F:8AED:CEEB:FBC1:94B9:AF54:376E:2BF7:39F1:F466:CBC9:AFDB:2A62,pubkey.dnscrypt.d0wn.biz
d0wn-nl-ns1,OpenNIC Resolver Netherlands 01 - d0wn,Server provided by Martin 'd0wn' Albus,Netherlands,,https://dns.d0wn.biz,1,no,yes,yes,95.85.9.86:54,2.dnscrypt-cert.d0wn.biz,9970:E22D:7F6C:967F:8AED:CEEB:FBC1:94B9:AF54:376E:2BF7:39F1:F466:CBC9:AFDB:2A62,pubkey.dnscrypt.d0wn.biz
d0wn-nl-ns2,OpenNIC Resolver Netherlands 02 - d0wn,Server provided by Martin 'd0wn' Albus,Netherlands,,https://dns.d0wn.biz,1,no,yes,yes,185.83.217.248:54,2.dnscrypt-cert.d0wn.biz,9970:E22D:7F6C:967F:8AED:CEEB:FBC1:94B9:AF54:376E:2BF7:39F1:F466:CBC9:AFDB:2A62,pubkey.dnscrypt.d0wn.biz
d0wn-pl-ns1,OpenNIC Resolver Poland 01 - d0wn,Server provided by Martin 'd0wn' Albus,Poland,,https://dns.d0wn.biz,1,no,yes,yes,37.233.98.173:54,2.dnscrypt-cert.pl.d0wn.biz,8ECD:8F3E:C003:4622:E66D:96F4:CDCA:84D0:5DA6:11ED:192D:9BE7:B7C7:6F6B:FFA7:75D9,pubkey.pl.dnscrypt.d0wn.biz
d0wn-random-ns1,DNSCrypt Randomizer 01 - d0wn,Server provided by Martin 'd0wn' Albus,Moldova,,https://dns.d0wn.biz,1,no,yes,yes,178.17.170.133:54,2.dnscrypt-cert.d0wn.biz,9970:E22D:7F6C:967F:8AED:CEEB:FBC1:94B9:AF54:376E:2BF7:39F1:F466:CBC9:AFDB:2A62,pubkey.dnscrypt.d0wn.biz
d0wn-ru-ns1,OpenNIC Resolver Russia 01 - d0wn,Server provided by Martin 'd0wn' Albus,Russia,,https://dns.d0wn.biz,1,no,yes,yes,91.214.71.181:54,2.dnscrypt-cert.d0wn.biz,9970:E22D:7F6C:967F:8AED:CEEB:FBC1:94B9:AF54:376E:2BF7:39F1:F466:CBC9:AFDB:2A62,pubkey.dnscrypt.d0wn.biz
d0wn-sg-ns1,OpenNIC Resolver Singapore 01 - d0wn,Server provided by Martin 'd0wn' Albus,Singapore,,https://dns.d0wn.biz,1,no,yes,yes,128.199.248.105:54,2.dnscrypt-cert.d0wn.biz,9970:E22D:7F6C:967F:8AED:CEEB:FBC1:94B9:AF54:376E:2BF7:39F1:F466:CBC9:AFDB:2A62,pubkey.dnscrypt.d0wn.biz
d0wn-ua-ns1,OpenNIC Resolver Ukraine 01 - d0wn,Server provided by Martin 'd0wn' Albus,Ukraine,,https://dns.d0wn.biz,1,no,yes,yes,217.12.210.54:54,2.dnscrypt-cert.d0wn.biz,9970:E22D:7F6C:967F:8AED:CEEB:FBC1:94B9:AF54:376E:2BF7:39F1:F466:CBC9:AFDB:2A62,pubkey.dnscrypt.d0wn.biz
dnscrypt.eu-dk,DNSCrypt.eu Denmark,"Free, non-logged, uncensored. Hosted by Netgroup.",Denmark,,https://dnscrypt.eu,1,yes,yes,no,77.66.84.233:443,2.dnscrypt-cert.resolver2.dnscrypt.eu,3748:5585:E3B9:D088:FD25:AD36:B037:01F5:520C:D648:9E9A:DD52:1457:4955:9F0A:9955,pubkey.resolver2.dnscrypt.eu
dnscrypt.eu-dk-ipv6,DNSCrypt.eu Denmark over IPv6,"Free, non-logged, uncensored. Hosted by Netgroup.",Denmark,,https://dnscrypt.eu,1,yes,yes,no,[2001:1448:243::dc2]:443,2.dnscrypt-cert.resolver2.dnscrypt.eu,3748:5585:E3B9:D088:FD25:AD36:B037:01F5:520C:D648:9E9A:DD52:1457:4955:9F0A:9955,pubkey.resolver2.dnscrypt.eu
dnscrypt.eu-dk-port5353,DNSCrypt.eu Denmark (port 5353),"Free, non-logged, uncensored. Hosted by Netgroup.",Denmark,,https://dnscrypt.eu,1,yes,yes,no,77.66.84.233:5353,2.dnscrypt-cert.resolver2.dnscrypt.eu,3748:5585:E3B9:D088:FD25:AD36:B037:01F5:520C:D648:9E9A:DD52:1457:4955:9F0A:9955,pubkey.resolver2.dnscrypt.eu
dnscrypt.eu-nl,DNSCrypt.eu Holland,"Free, non-logged, uncensored. Hosted by RamNode.",Netherlands,,https://dnscrypt.eu,1,yes,yes,no,176.56.237.171:443,2.dnscrypt-cert.resolver1.dnscrypt.eu,67C0:0F2C:21C5:5481:45DD:7CB4:6A27:1AF2:EB96:9931:40A3:09B6:2B8D:1653:1185:9C66,pubkey.resolver1.dnscrypt.eu
dnscrypt.eu-nl-ipv6,DNSCrypt.eu Holland over IPv6,"Free, non-logged, uncensored. Hosted by RamNode.",Netherlands,,https://dnscrypt.eu,1,yes,yes,no,[2a00:d880:3:1::a6c1:2e89]:443,2.dnscrypt-cert.resolver1.dnscrypt.eu,67C0:0F2C:21C5:5481:45DD:7CB4:6A27:1AF2:EB96:9931:40A3:09B6:2B8D:1653:1185:9C66,pubkey.resolver1.dnscrypt.eu
dnscrypt.eu-nl-port5353,DNSCrypt.eu Holland (port 5353),"Free, non-logged, uncensored. Hosted by RamNode.",Netherlands,,https://dnscrypt.eu,1,yes,yes,no,176.56.237.171:5353,2.dnscrypt-cert.resolver1.dnscrypt.eu,67C0:0F2C:21C5:5481:45DD:7CB4:6A27:1AF2:EB96:9931:40A3:09B6:2B8D:1653:1185:9C66,pubkey.resolver1.dnscrypt.eu
dnscrypt.org-fr,"DNSCrypt server in France","DNSSEC/Namecoin/Non-logged/Uncensored - ARM server donated by Scaleway.com","Paris, France",,,1,yes,yes,yes,212.47.228.136,2.dnscrypt-cert.fr.dnscrypt.org,E801:B84E:A606:BFB0:BAC0:CE43:445B:B15E:BA64:B02F:A3C4:AA31:AE10:636A:0790:324D,pubkey.fr.dnscrypt.org
dnsmachine.net-de,"DNSCrypt server in Germany","DNSSEC/Non-logged/Uncensored","Munich, Germany",,,1,yes,yes,yes,93.180.156.42,2.dnscrypt-cert.de.dnsmachine.net,3598:76C4:3DBC:0B25:3700:86AA:44CD:F365:0969:C705:DD75:FB44:56DB:96A3:32A9:326B,pubkey.de.dnsmachine.net
fvz-rec-at-vie-01,"opennic-fvz-rec-at-vie-01 in Vienna, Austria","Fusl's public OpenNIC Tier2 DNS Resolver in Vienna, Austria","Vienna, Austria",,http://meo.ws/dnsrec.php,1,no,yes,yes,79.133.43.124,2.dnscrypt-cert.fvz-rec-at-vie-01.dnsrec.meo.ws,8D64:21DA:85D0:11B2:5056:319C:A81B:C6BB:EABC:0790:3CED:1469:EA4B:91A7:9568:C6BC,
fvz-rec-at-vie-02,"opennic-fvz-rec-at-vie-02 in Vienna, Austria","Fusl's public OpenNIC Tier2 DNS Resolver in Vienna, Austria","Vienna, Austria",,http://meo.ws/dnsrec.php,1,no,yes,yes,151.236.10.36,2.dnscrypt-cert.fvz-rec-at-vie-02.dnsrec.meo.ws,2EED:EA1F:788B:DC0F:78CA:5827:9CDC:5C40:94D4:17C3:E1E8:C0F2:AC01:6118:37E4:6A04,
fvz-rec-au-nsw-01,"opennic-fvz-rec-au-nsw-01 in Sydney, Australia","Fusl's public OpenNIC Tier2 DNS Resolver in Sydney, Australia","Sydney, Australia",,http://meo.ws/dnsrec.php,1,no,yes,yes,163.47.20.30,2.dnscrypt-cert.fvz-rec-au-nsw-01.dnsrec.meo.ws,8510:5B03:CC72:79B5:50EA:7371:BD7E:938B:A4ED:8F41:F8BE:EF45:DEAE:151F:9B5C:4C67,
fvz-rec-au-sa-01,"opennic-fvz-rec-au-sa-01 in Adelaide, Australia","Fusl's public OpenNIC Tier2 DNS Resolver in Adelaide, Australia","Adelaide, Australia",,http://meo.ws/dnsrec.php,1,no,yes,yes,103.25.56.238,2.dnscrypt-cert.fvz-rec-au-sa-01.dnsrec.meo.ws,DE23:4C31:03E1:7B01:5AA5:AE68:967F:4CEE:C77A:B783:CDB7:47F4:3723:C878:1496:ADF6,
fvz-rec-au-vic-01,"opennic-fvz-rec-au-vic-01 in Melbourne, Australia","Fusl's public OpenNIC Tier2 DNS Resolver in Melbourne, Australia","Melbourne, Australia",,http://meo.ws/dnsrec.php,1,no,yes,yes,111.223.227.125,2.dnscrypt-cert.fvz-rec-au-vic-01.dnsrec.meo.ws,6DD9:ED34:471F:C781:B0FC:9BAF:1B87:C5CB:60A1:7719:A1D1:6477:310F:535F:531B:F753,
fvz-rec-au-wa-01,"opennic-fvz-rec-au-wa-01 in Perth, Australia","Fusl's public OpenNIC Tier2 DNS Resolver in Perth, Australia","Perth, Australia",,http://meo.ws/dnsrec.php,1,no,yes,yes,103.241.0.207,2.dnscrypt-cert.fvz-rec-au-wa-01.dnsrec.meo.ws,731D:35C2:74C1:4F09:610C:CAF0:770C:F090:70F7:B390:AE97:5A32:6B66:342E:4E8B:5F5A,
fvz-rec-be-okp-01,"opennic-fvz-rec-be-okp-01 in Oostkamp, Belgium","Fusl's public OpenNIC Tier2 DNS Resolver in Oostkamp, Belgium","Oostkamp, Belgium",,http://meo.ws/dnsrec.php,1,no,yes,yes,192.71.249.83,2.dnscrypt-cert.fvz-rec-be-okp-01.dnsrec.meo.ws,4732:9AE7:A687:AD48:4F2C:9CE8:F7A8:895C:122E:B3DF:8C16:B9B8:3FE3:BAB0:18EF:50F7,
fvz-rec-ca-on-01,"opennic-fvz-rec-ca-on-01 in Toronto, Canada","Fusl's public OpenNIC Tier2 DNS Resolver in Toronto, Canada","Toronto, Canada",,http://meo.ws/dnsrec.php,1,no,yes,yes,69.28.67.83,2.dnscrypt-cert.fvz-rec-ca-on-01.dnsrec.meo.ws,5447:1F47:C91C:C057:84BE:F50F:2F13:9355:69A8:A19C:A175:0756:F874:EC19:3E10:435C,
fvz-rec-ch-zrh-01,"opennic-fvz-rec-ch-zrh-01 in Zurich, Switzerland","Fusl's public OpenNIC Tier2 DNS Resolver in Zurich, Switzerland","Zurich, Switzerland",,http://meo.ws/dnsrec.php,1,no,yes,yes,192.121.170.22,2.dnscrypt-cert.fvz-rec-ch-zrh-01.dnsrec.meo.ws,03CC:6C7E:DC8D:E368:FB43:C888:22FA:5A28:10AB:428D:0C2F:BF79:70D4:4914:C083:FBAB,
fvz-rec-de-dus-01,"opennic-fvz-rec-de-dus-01 in Dusseldorf, Germany","Fusl's public OpenNIC Tier2 DNS Resolver in Dusseldorf, Germany","Dusseldorf, Germany",,http://meo.ws/dnsrec.php,1,no,yes,yes,62.141.38.230,2.dnscrypt-cert.fvz-rec-de-dus-01.dnsrec.meo.ws,7D9A:D155:4472:BFF5:E33D:6DE5:F1B3:BE34:CE0F:6D2D:D3DB:E00E:2961:5CB8:D52A:C5E3,
fvz-rec-de-fra-01,"opennic-fvz-rec-de-fra-01 in Frankfurt, Germany","Fusl's public OpenNIC Tier2 DNS Resolver in Frankfurt, Germany","Frankfurt, Germany",,http://meo.ws/dnsrec.php,1,no,yes,yes,185.97.7.7,2.dnscrypt-cert.fvz-rec-de-fra-01.dnsrec.meo.ws,9FCC:EB74:6856:238D:AC57:428B:DE4F:D9C6:E736:5370:E9F9:5415:3BD3:6EBE:A8C2:FAFE,
fvz-rec-de-fra-02,"opennic-fvz-rec-de-fra-02 in Frankfurt, Germany","Fusl's public OpenNIC Tier2 DNS Resolver in Frankfurt, Germany","Frankfurt, Germany",,http://meo.ws/dnsrec.php,1,no,yes,yes,84.200.83.161,2.dnscrypt-cert.fvz-rec-de-fra-02.dnsrec.meo.ws,86D2:4274:0DC5:B06C:32AC:4DF0:566F:0F48:CA46:F217:E003:9A2B:B2D7:CD18:0EA8:C2D8,
fvz-rec-de-sn-01,"opennic-fvz-rec-de-sn-01 in Falkenstein, Germany","Fusl's public OpenNIC Tier2 DNS Resolver in Falkenstein, Germany","Falkenstein, Germany",,http://meo.ws/dnsrec.php,1,no,yes,yes,78.47.34.12,2.dnscrypt-cert.fvz-rec-de-sn-01.dnsrec.meo.ws,624E:D913:A333:E28A:3078:5365:28A4:DC2C:0E9B:2012:D2BC:C385:1477:2376:30D3:E4C1,
fvz-rec-eg-cai-01,"opennic-fvz-rec-eg-cai-01 in Cairo, Egypt","Fusl's public OpenNIC Tier2 DNS Resolver in Cairo, Egypt","Cairo, Egypt",,http://meo.ws/dnsrec.php,1,no,yes,yes,41.215.240.141,2.dnscrypt-cert.fvz-rec-eg-cai-01.dnsrec.meo.ws,3E38:DDBA:342E:41C6:BC2A:0ED9:FE50:1594:B2E1:B298:5FB2:03B6:0522:7CE2:B871:6953,
fvz-rec-es-mad-01,"opennic-fvz-rec-es-mad-01 in Madrid, Spain","Fusl's public OpenNIC Tier2 DNS Resolver in Madrid, Spain","Madrid, Spain",,http://meo.ws/dnsrec.php,1,no,yes,yes,5.134.117.239,2.dnscrypt-cert.fvz-rec-es-mad-01.dnsrec.meo.ws,9F84:3ECE:D885:D3E2:D4CB:0135:0F8A:5DDA:49CA:262A:B57F:E820:2A81:DA1A:3772:D8BF,
fvz-rec-fi-ulv-01,"opennic-fvz-rec-fi-ulv-01 in Ulvila, Finland","Fusl's public OpenNIC Tier2 DNS Resolver in Ulvila, Finland","Ulvila, Finland",,http://meo.ws/dnsrec.php,1,no,yes,yes,95.175.99.231,2.dnscrypt-cert.fvz-rec-fi-ulv-01.dnsrec.meo.ws,8458:11E2:D322:DAA3:1544:960B:F6C3:000E:910A:C1A6:DE38:8D94:BD1D:EDEA:B60F:0560,
fvz-rec-fr-sbg-01,"opennic-fvz-rec-fr-sbg-01 in Strasbourg, France","Fusl's public OpenNIC Tier2 DNS Resolver in Strasbourg, France","Strasbourg, France",,http://meo.ws/dnsrec.php,1,no,yes,yes,92.222.80.28,2.dnscrypt-cert.fvz-rec-fr-sbg-01.dnsrec.meo.ws,7375:6E98:44F4:3031:5307:1185:06B2:91D3:24FF:014B:FC0D:4FBE:8E51:7C24:9136:C250,
fvz-rec-gb-eng-01,"opennic-fvz-rec-gb-eng-01 in London, England","Fusl's public OpenNIC Tier2 DNS Resolver in London, England","London, England",,http://meo.ws/dnsrec.php,1,no,yes,yes,178.79.174.162,2.dnscrypt-cert.fvz-rec-gb-eng-01.dnsrec.meo.ws,B854:8E20:7FF6:A736:A03D:BCE4:8986:C5C7:68F4:85DE:5C30:2B91:FD79:F5FA:A139:2534,
fvz-rec-gr-ath-01,"opennic-fvz-rec-gr-ath-01 in Athens, Greece","Fusl's public OpenNIC Tier2 DNS Resolver in Athens, Greece","Athens, Greece",,http://meo.ws/dnsrec.php,1,no,yes,yes,95.129.41.126,2.dnscrypt-cert.fvz-rec-gr-ath-01.dnsrec.meo.ws,DA7A:C544:5AFA:BA08:6860:852A:13C9:C304:619E:FED4:0FA7:957A:4722:2FAD:B852:F10C,
fvz-rec-hk-ztw-01,"opennic-fvz-rec-hk-ztw-01 in Tsuen Wan, Hong Kong","Fusl's public OpenNIC Tier2 DNS Resolver in Tsuen Wan, Hong Kong","Tsuen Wan, Hong Kong",,http://meo.ws/dnsrec.php,1,no,yes,yes,103.53.199.71,2.dnscrypt-cert.fvz-rec-hk-ztw-01.dnsrec.meo.ws,FD3A:5CE0:FD44:D174:681F:F008:7958:9EC8:8D4B:B2D9:32A2:2746:FEAD:77F7:3992:33FA,
fvz-rec-hu-bu-01,"opennic-fvz-rec-hu-bu-01 in Budapest, Hungary","Fusl's public OpenNIC Tier2 DNS Resolver in Budapest, Hungary","Budapest, Hungary",,http://meo.ws/dnsrec.php,1,no,yes,yes,79.120.211.147,2.dnscrypt-cert.fvz-rec-hu-bu-01.dnsrec.meo.ws,C20D:3445:58DF:292A:BE04:1918:647E:E1B0:702F:5E14:DFEA:5556:6210:7879:4C1C:BCE3,
fvz-rec-ie-du-01,"opennic-fvz-rec-ie-du-01 in Dublin, Ireland","Fusl's public OpenNIC Tier2 DNS Resolver in Dublin, Ireland","Dublin, Ireland",,http://meo.ws/dnsrec.php,1,no,yes,yes,217.78.6.191,2.dnscrypt-cert.fvz-rec-ie-du-01.dnsrec.meo.ws,DCAF:BA31:C7A9:5F68:FE40:3C69:FE1A:CFF5:CD4C:400D:7DE7:7DEA:1AF4:8F8D:7669:8DFB,
fvz-rec-il-tlv-01,"opennic-fvz-rec-il-tlv-01 in Tel Aviv-Yafo, Israel","Fusl's public OpenNIC Tier2 DNS Resolver in Tel Aviv-Yafo, Israel","Tel Aviv-Yafo, Israel",,http://meo.ws/dnsrec.php,1,no,yes,yes,193.182.144.83,2.dnscrypt-cert.fvz-rec-il-tlv-01.dnsrec.meo.ws,A76C:0D1C:5F71:CE9F:79DD:CD82:87D2:FAA4:2B1A:154E:81B9:F2DD:FBC3:BBD9:2FC1:DE40,
fvz-rec-im-dgs-01,"opennic-fvz-rec-im-dgs-01 in Douglas, Isle of Man","Fusl's public OpenNIC Tier2 DNS Resolver in Douglas, Isle of Man","Douglas, Isle of Man",,http://meo.ws/dnsrec.php,1,no,yes,yes,37.235.55.46,2.dnscrypt-cert.fvz-rec-im-dgs-01.dnsrec.meo.ws,ADBD:69CD:AE07:0220:4040:C791:693A:060D:E89D:4DA5:3D25:E07C:0AB0:B7F4:2253:0506,
fvz-rec-in-pnq-01,"opennic-fvz-rec-in-pnq-01 in Pune, India","Fusl's public OpenNIC Tier2 DNS Resolver in Pune, India","Pune, India",,http://meo.ws/dnsrec.php,1,no,yes,yes,103.250.184.85,2.dnscrypt-cert.fvz-rec-in-pnq-01.dnsrec.meo.ws,D2CA:1374:7A48:8EA7:B493:A7C1:78DC:87C6:0651:9492:991B:0E54:0C54:B4AC:535A:21D7,
fvz-rec-is-haf-01,"opennic-fvz-rec-is-haf-01 in Hafnarfjordur, Iceland","Fusl's public OpenNIC Tier2 DNS Resolver in Hafnarfjordur, Iceland","Hafnarfjordur, Iceland",,http://meo.ws/dnsrec.php,1,no,yes,yes,151.236.24.245,2.dnscrypt-cert.fvz-rec-is-haf-01.dnsrec.meo.ws,FCCF:D77E:8B11:7645:8D98:F3AD:8A93:DDDE:4AD0:2991:373F:54D3:66A6:53FD:BB64:D5E0,
fvz-rec-it-mi-01,"opennic-fvz-rec-it-mi-01 in Milan, Italy","Fusl's public OpenNIC Tier2 DNS Resolver in Milan, Italy","Milan, Italy",,http://meo.ws/dnsrec.php,1,no,yes,yes,192.121.47.47,2.dnscrypt-cert.fvz-rec-it-mi-01.dnsrec.meo.ws,82EE:EE1B:A2E0:50ED:9FA6:0866:573B:716C:633E:7AAA:3690:DB23:D1C3:0638:237D:8890,
fvz-rec-jp-tk-01,"opennic-fvz-rec-jp-tk-01 in Tokyo, Japan","Fusl's public OpenNIC Tier2 DNS Resolver in Tokyo, Japan","Tokyo, Japan",,http://meo.ws/dnsrec.php,1,no,yes,yes,106.185.41.36,2.dnscrypt-cert.fvz-rec-jp-tk-01.dnsrec.meo.ws,47AA:CC3A:2F98:CF6A:39B8:A32E:AFFB:A1CA:2390:A865:0842:CEB0:AEF7:A315:39F4:EA02,
fvz-rec-li-baz-01,"opennic-fvz-rec-li-baz-01 in Balzers, Liechtenstein","Fusl's public OpenNIC Tier2 DNS Resolver in Balzers, Liechtenstein","Balzers, Liechtenstein",,http://meo.ws/dnsrec.php,1,no,yes,yes,88.82.109.119,2.dnscrypt-cert.fvz-rec-li-baz-01.dnsrec.meo.ws,1AFC:CCFB:9B78:D3AE:3520:A83B:8841:CC30:4BA4:00C1:3F2F:C9BD:47C1:808B:A273:A3F6,
fvz-rec-lu-ros-01,"opennic-fvz-rec-lu-ros-01 in Roost, Luxembourg","Fusl's public OpenNIC Tier2 DNS Resolver in Roost, Luxembourg","Roost, Luxembourg",,http://meo.ws/dnsrec.php,1,no,yes,yes,212.117.180.145,2.dnscrypt-cert.fvz-rec-lu-ros-01.dnsrec.meo.ws,94FD:5D40:BC95:2535:EC01:4CCE:2746:9128:5960:A84F:DF89:29B3:ED31:702D:8EF9:567D,
fvz-rec-lv-rix-01,"opennic-fvz-rec-lv-rix-01 in Riga, Latvia","Fusl's public OpenNIC Tier2 DNS Resolver in Riga, Latvia","Riga, Latvia",,http://meo.ws/dnsrec.php,1,no,yes,yes,185.61.149.228,2.dnscrypt-cert.fvz-rec-lv-rix-01.dnsrec.meo.ws,025D:3320:3FCE:345F:C532:B139:C993:F254:516C:11B5:1166:551A:D87C:D149:DA6C:EEE9,
fvz-rec-nl-ams-01,"opennic-fvz-rec-nl-ams-01 in Amsterdam, Netherlands","Fusl's public OpenNIC Tier2 DNS Resolver in Amsterdam, Netherlands","Amsterdam, Netherlands",,http://meo.ws/dnsrec.php,1,no,yes,yes,93.158.205.94,2.dnscrypt-cert.fvz-rec-nl-ams-01.dnsrec.meo.ws,7B81:4CB7:D323:CCAB:EA4E:8BBA:0A44:2172:F909:62E8:699C:3B14:2DAB:8B51:D2E2:083C,
fvz-rec-nl-fl-01,"opennic-fvz-rec-nl-fl-01 in Dronten, Netherlands","Fusl's public OpenNIC Tier2 DNS Resolver in Dronten, Netherlands","Dronten, Netherlands",,http://meo.ws/dnsrec.php,1,no,yes,yes,31.220.43.191,2.dnscrypt-cert.fvz-rec-nl-fl-01.dnsrec.meo.ws,F16D:5E33:1337:8AB0:7B02:64BB:BB4C:DD0E:B924:C9BA:96E6:8B10:9EA3:A870:C19F:F75E,
fvz-rec-nz-auk-01,"opennic-fvz-rec-nz-auk-01 in Auckland, New Zealand","Fusl's public OpenNIC Tier2 DNS Resolver in Auckland, New Zealand","Auckland, New Zealand",,http://meo.ws/dnsrec.php,1,no,yes,yes,163.47.21.44,2.dnscrypt-cert.fvz-rec-nz-auk-01.dnsrec.meo.ws,2ACB:ACC7:880E:B731:6207:1B35:2D5A:E899:9BE8:B788:6297:B080:810A:3233:D4AF:F809,
fvz-rec-pl-waw-01,"opennic-fvz-rec-pl-waw-01 in Warsaw, Poland","Fusl's public OpenNIC Tier2 DNS Resolver in Warsaw, Poland","Warsaw, Poland",,http://meo.ws/dnsrec.php,1,no,yes,yes,178.217.184.224:27015,2.dnscrypt-cert.fvz-rec-pl-waw-01.dnsrec.meo.ws,63ED:FB9B:E467:1037:DDDC:01AE:3EB5:774D:6DFC:ADED:2F38:D4F0:06D3:C2B2:B1A7:C474,
fvz-rec-pt-lis-01,"opennic-fvz-rec-pt-lis-01 in Lisbon, Portugal","Fusl's public OpenNIC Tier2 DNS Resolver in Lisbon, Portugal","Lisbon, Portugal",,http://meo.ws/dnsrec.php,1,no,yes,yes,94.46.12.224,2.dnscrypt-cert.fvz-rec-pt-lis-01.dnsrec.meo.ws,CB00:2534:0E44:BAAF:D838:37C2:6314:8F94:0EB4:E6EC:199B:EDC2:E386:68F1:DF72:D2B5,
fvz-rec-ro-bu-01,"opennic-fvz-rec-ro-bu-01 in Bucharest, Romania","Fusl's public OpenNIC Tier2 DNS Resolver in Bucharest, Romania","Bucharest, Romania",,http://meo.ws/dnsrec.php,1,no,yes,yes,46.108.39.139,2.dnscrypt-cert.fvz-rec-ro-bu-01.dnsrec.meo.ws,24FF:6D8F:4DFF:7FB1:849F:48E0:027E:F289:4AED:75DF:5585:F3AB:E672:214C:37D5:D416,
fvz-rec-ru-led-01,"opennic-fvz-rec-ru-led-01 in Saint Petersburg, Russia","Fusl's public OpenNIC Tier2 DNS Resolver in Saint Petersburg, Russia","Saint Petersburg, Russia",,http://meo.ws/dnsrec.php,1,no,yes,yes,94.242.57.130,2.dnscrypt-cert.fvz-rec-ru-led-01.dnsrec.meo.ws,1517:7552:72AE:632E:3844:F13F:6476:1A4E:AB4D:289D:92C2:FEF0:DC96:17F8:DA28:6E1F,
fvz-rec-sa-ruh-01,"opennic-fvz-rec-sa-ruh-01 in Riyadh, Saudi Arabia","Fusl's public OpenNIC Tier2 DNS Resolver in Riyadh, Saudi Arabia","Riyadh, Saudi Arabia",,http://meo.ws/dnsrec.php,1,no,yes,yes,46.151.215.199,2.dnscrypt-cert.fvz-rec-sa-ruh-01.dnsrec.meo.ws,0F80:1478:0402:B405:C8AC:B5C3:74E5:A663:147D:2841:7C3E:9B56:AB13:3555:C9F6:003E,
fvz-rec-se-ab-01,"opennic-fvz-rec-se-ab-01 in Stockholm, Sweden","Fusl's public OpenNIC Tier2 DNS Resolver in Stockholm, Sweden","Stockholm, Sweden",,http://meo.ws/dnsrec.php,1,no,yes,yes,31.220.5.106,2.dnscrypt-cert.fvz-rec-se-ab-01.dnsrec.meo.ws,48CC:D796:9BF8:2907:2FA3:5CF5:4CC1:7F31:400D:4F9A:5A98:A066:2345:1855:B026:C55E,
fvz-rec-sg-ea-01,"opennic-fvz-rec-sg-ea-01 in Chai Chee, Singapore","Fusl's public OpenNIC Tier2 DNS Resolver in Chai Chee, Singapore","Chai Chee, Singapore",,http://meo.ws/dnsrec.php,1,no,yes,yes,103.25.202.192,2.dnscrypt-cert.fvz-rec-sg-ea-01.dnsrec.meo.ws,8D5C:A731:359C:C660:89D6:19D0:0947:4F5F:FEC7:BFD9:9CA8:E595:4DE2:A1FE:E0F9:8F01,
fvz-rec-tr-ist-01,"opennic-fvz-rec-tr-ist-01 in Istanbul, Turkey","Fusl's public OpenNIC Tier2 DNS Resolver in Istanbul, Turkey","Istanbul, Turkey",,http://meo.ws/dnsrec.php,1,no,yes,yes,185.65.206.121,2.dnscrypt-cert.fvz-rec-tr-ist-01.dnsrec.meo.ws,A02D:F756:89B3:D9D0:F336:69E2:A33E:CBC9:946B:B9ED:DA05:BE79:DA5D:8DFF:47C1:B18F,
fvz-rec-ua-iev-01,"opennic-fvz-rec-ua-iev-01 in Kiev, Ukraine","Fusl's public OpenNIC Tier2 DNS Resolver in Kiev, Ukraine","Kiev, Ukraine",,http://meo.ws/dnsrec.php,1,no,yes,yes,91.229.79.104,2.dnscrypt-cert.fvz-rec-ua-iev-01.dnsrec.meo.ws,BBDA:6411:CA88:2359:BCE3:4077:7F49:F3D5:E159:CBD2:7892:5002:28D6:7A84:0A71:C603,
fvz-rec-us-ca-01,"opennic-fvz-rec-us-ca-01 in Fremont, USA","Fusl's public OpenNIC Tier2 DNS Resolver in Fremont, USA","Fremont, USA",,http://meo.ws/dnsrec.php,1,no,yes,yes,74.207.241.202,2.dnscrypt-cert.fvz-rec-us-ca-01.dnsrec.meo.ws,E7B1:91B4:B5DC:39C7:22B5:D03B:95E3:172A:E54C:2533:AF66:D495:EB9C:0E26:F6BA:854B,
fvz-rec-us-ca-02,"opennic-fvz-rec-us-ca-02 in San Francisco, USA","Fusl's public OpenNIC Tier2 DNS Resolver in San Francisco, USA","San Francisco, USA",,http://meo.ws/dnsrec.php,1,no,yes,yes,104.245.33.185,2.dnscrypt-cert.fvz-rec-us-ca-02.dnsrec.meo.ws,AB06:A427:EDE8:34EC:2543:8553:32CA:6A4B:3014:2029:BD37:A783:B230:BDFD:C760:7421,
fvz-rec-us-fl-01,"opennic-fvz-rec-us-fl-01 in Orlando, USA","Fusl's public OpenNIC Tier2 DNS Resolver in Orlando, USA","Orlando, USA",,http://meo.ws/dnsrec.php,1,no,yes,yes,104.245.39.112,2.dnscrypt-cert.fvz-rec-us-fl-01.dnsrec.meo.ws,9A6C:9270:BC4B:E44C:924F:A8AA:A727:C30A:3904:5136:75F2:7EAA:5884:C3B7:86DE:22D3,
fvz-rec-us-ga-01,"opennic-fvz-rec-us-ga-01 in Atlanta, USA","Fusl's public OpenNIC Tier2 DNS Resolver in Atlanta, USA","Atlanta, USA",,http://meo.ws/dnsrec.php,1,no,yes,yes,74.207.232.103,2.dnscrypt-cert.fvz-rec-us-ga-01.dnsrec.meo.ws,4C50:A01A:4FF5:5043:C782:A951:6913:651E:424E:FFEE:7A2A:C96F:DE11:843A:99D5:4D5A,
fvz-rec-us-nj-01,"opennic-fvz-rec-us-nj-01 in Newark, USA","Fusl's public OpenNIC Tier2 DNS Resolver in Newark, USA","Newark, USA",,http://meo.ws/dnsrec.php,1,no,yes,yes,104.237.144.172,2.dnscrypt-cert.fvz-rec-us-nj-01.dnsrec.meo.ws,E9C3:F02F:E1FE:7F21:D7ED:654D:5F5F:97B9:77B7:2CE5:DBDA:6CB9:3ED0:18DE:01B7:BF38,
fvz-rec-us-tx-01,"opennic-fvz-rec-us-tx-01 in Dallas, USA","Fusl's public OpenNIC Tier2 DNS Resolver in Dallas, USA","Dallas, USA",,http://meo.ws/dnsrec.php,1,no,yes,yes,104.237.136.225,2.dnscrypt-cert.fvz-rec-us-tx-01.dnsrec.meo.ws,736C:4057:ADC4:FC97:AF33:2E9B:F386:4C6E:499F:37A2:1501:C678:950C:4A93:DC4D:6690,
fvz-rec-us-tx-02,"opennic-fvz-rec-us-tx-02 in Dallas, USA","Fusl's public OpenNIC Tier2 DNS Resolver in Dallas, USA","Dallas, USA",,http://meo.ws/dnsrec.php,1,no,yes,yes,104.219.55.89,2.dnscrypt-cert.fvz-rec-us-tx-02.dnsrec.meo.ws,1321:5728:A880:7EAF:5C74:B1D9:BD0F:9AE3:CCD2:E997:0966:5031:B36A:3437:7767:9813,
fvz-rec-us-wa-01,"opennic-fvz-rec-us-wa-01 in Seattle, USA","Fusl's public OpenNIC Tier2 DNS Resolver in Seattle, USA","Seattle, USA",,http://meo.ws/dnsrec.php,1,no,yes,yes,23.226.230.72,2.dnscrypt-cert.fvz-rec-us-wa-01.dnsrec.meo.ws,141C:43F5:1D4B:2A27:A1D2:4BAD:1011:FB81:04E0:429E:0D41:FD75:8363:B42E:02C3:376E,
fvz-rec-za-wc-01,"opennic-fvz-rec-za-wc-01 in Cape Town, South Africa","Fusl's public OpenNIC Tier2 DNS Resolver in Cape Town, South Africa","Cape Town, South Africa",,http://meo.ws/dnsrec.php,1,no,yes,yes,41.185.78.25,2.dnscrypt-cert.fvz-rec-za-wc-01.dnsrec.meo.ws,53AF:603B:E07D:214D:D4DB:8654:0561:9396:2ACB:8028:319F:A6D3:C90E:373E:E942:BB36,
ipredator,Ipredator.se Server,Public DNSCrypt server in Sweden provided by Ipredator.se,Sweden,,https://www.ipredator.se,1,no,yes,no,194.132.32.32:443,2.dnscrypt-cert.ipredator.se,C44C:566A:A8D6:46C4:32B1:04F5:3D00:961B:32DC:71CF:1C04:BD9E:B013:E480:E7A4:7828,pubkey.resolver2.ipredator.se
nawala,Nawala,"Server in Indonesia, filtering questionable content",Indonesia,,http://www.nawala.id,1,no,no,no,180.131.144.144:443,2.dnscrypt-cert.nawala.org,D421:E4B0:496A:28D7:8DB5:4CF2:18EA:931D:3D78:A5B9:9602:A612:AD2B:95C9:EE6E:6004,
okturtles,okTurtles,For a surveillance-free world. HTTPS is broken. DNSChain fixes it.,"Georgia, US","33.032501, -83.895699",http://okturtles.com/,1,no,yes,yes,23.226.227.93:443,2.dnscrypt-cert.okturtles.com,1D85:3953:E34F:AFD0:05F9:4C6F:D1CC:E635:D411:9904:0D48:D19A:5D35:0B6A:7C81:73CB,
opennic-tumabox,TumaBox,Public DNS server operated by TumaBox.org,Germany,,http://wiki.tumabox.org/doku.php?id=dns,1,no,yes,no,130.255.73.90:5353,2.tumabox.org,D591:7B11:6A35:3114:C238:AA99:A6EB:0C28:7CF7:6805:41AC:5DBF:A8A0:239E:228C:5B06,
ovpnto-lat,"OpenNIC OVPN.to Latvia",by oVPN.to VPN and Proxy service,Latvia,,https://ovpn.to,1,no,yes,yes,185.61.148.144:5353,2.dnscrypt-cert.latvia.ovpn.to,426A:8A39:300B:6766:5B53:4C04:01D6:9B21:7C08:2B73:05C0:AB51:15D4:919A:2450:98B3,
ovpnto-ro,"OpenNIC OVPN.to Romania",by oVPN.to VPN and Proxy service,Romania,,https://ovpn.to,1,no,yes,yes,93.115.92.252:5353,2.dnscrypt-cert.opennic-dns-ro1.ovpn.to,C665:8FFD:3D64:FC86:DD2C:87D1:0DDA:6069:C0ED:2C71:5E8D:9705:2C21:C12F:8153:EC14,
ovpnto-se,"OpenNIC OVPN.to Sweden",by oVPN.to VPN and Proxy service,Sweden,,https://ovpn.to,1,no,yes,yes,95.215.46.195:5353,2.dnscrypt-cert.sweden.ovpn.to,1014:0662:B5D6:B65B:6F55:4367:A77C:A057:DA1A:CE6A:D9ED:1C1F:040E:80A5:895C:83F5,
soltysiak,Soltysiak,Public DNSCrypt server in Poland,Poland,"52.4014619, 16.9278078",http://dc1.soltysiak.com/,1,yes,yes,yes,178.216.201.222:2053,2.dnscrypt-cert.soltysiak.com,25C4:E188:2915:4697:8F9C:2BBD:B6A7:AFA4:01ED:A051:0508:5D53:03E7:1928:C066:8F21,pubkey.dc1.soltysiak.com
